"id","item_id","title","category","subcategory","price","city","url"
1,"","Креветки Королевские 26/30 очищенные","moreprodukty","krevetki","5 290 Т","","/moreprodukty/krevetki/krevetka-korolevskaya-2630-ochischennaya/"
2,"","Креветка Королевская 31/40 очищенная","moreprodukty","krevetki","5 900 Т","","/moreprodukty/krevetki/krevetka-korolevskaya-ochischennaya-31-40/"
3,"","Лангустины в панцире с головой, размер 21-30","moreprodukty","krevetki","6 500 Т","","/moreprodukty/krevetki/langustiny-v-pancire-s-golovoy-razmery-21-30/"
4,"","Креветка Королевская  21/25, в панцире без головы","moreprodukty","krevetki","5 500 Т","","/moreprodukty/krevetki/krevetka-korolevskaya-2125-v-pancire-bez-golovy/"
5,"","Чука салат замороженный","moreprodukty","krevetki","2 800 Т","","/bakaleya/aziatskaya-kuhnya/vodorosli/chuka-salat-zamorozhenniy/"
6,"","Креветка Арктическая, 70/90,  Гренландия","moreprodukty","krevetki","6 700 Т","","/moreprodukty/krevetki/krevetka-arkticheskaya-7090-grenlandiya/"
7,"","Креветка Ваннамей 16/20 в панцире б/г ","moreprodukty","krevetki","5 700 Т","","/moreprodukty/krevetki/krevetka-tigrovaya-1620-v-pancire/"
8,"","Лангустины в Панцире с головой, размер 10-20","moreprodukty","krevetki","7 200 Т","","/moreprodukty/krevetki/langustiny-v-pancire-s-golovoy-razmer-10-20/"
9,"","Креветка  Салатная 100/200, глазурь 40%","moreprodukty","krevetki","3 900 Т","","/moreprodukty/krevetki/krevetka-salatnaya-100-200/"
10,"","Креветка Северная, 90/120,  Гренландия","moreprodukty","krevetki","3 990 Т","","/moreprodukty/krevetki/krevetka-severnaya-90-120-grenlandiya/"
11,"","Лангустины в панцире без головы, размер 30 - 50, уп. 2 кг","moreprodukty","krevetki","6 500 Т","","/moreprodukty/krevetki/langustiny-v-pancire-bez-golovy-razmer-30-55/"
12,"","Креветка Тигровая 8/12  с головой","moreprodukty","krevetki","14 500 Т","","/moreprodukty/krevetki/krevetka-tigrovaya-812-s-golovoy/"
13,"","Креветка Королевская Блочная, в панцире 21/25","moreprodukty","krevetki","15 000 Т","","/moreprodukty/krevetki/krevetka-korolevskaya-blochnaya-v-pancire-21-25/"
14,"","Креветка Risma Премиум глазурь 7%","moreprodukty","krevetki","6 000 Т","","/moreprodukty/krevetki/krevetka-salatnaya-premium-glazur-7/"
15,"","Конечности Камчатского Краба 4L","moreprodukty","kraby","24 000 Т","","/moreprodukty/kraby/konechnosti-kamchatskogo-kraba-4l/"
16,"","Мясо краба, 1я фаланга, блок весом 1 -1,5 кг","moreprodukty","kraby","35 000 Т","","/moreprodukty/kraby/myaso-kraba-1ya-falanga-blok-vesom-1-1-5-kg/"
17,"","Мясо Краба Салатное (кусочками)","moreprodukty","kraby","17 500 Т","","/moreprodukty/kraby/myaso-kraba-salatnoe-kusochkami/"
18,"","Краб Приморский в собственном соку","moreprodukty","kraby","17 500 Т","","/moreprodukty/kraby/krab-primorskiy-v-sobstvennom-soku/"
19,"","Краб Натуральный в собственном соку","moreprodukty","kraby","48 000 Т","","/moreprodukty/kraby/krab-naturalniy-v-sobstvennom-soku/"
20,"","Устрицы Gillardeau №2 ","moreprodukty","ustricy","1 790 Т","","/moreprodukty/ustricy/ustricy-gillardeau-2/"
21,"","Устрицы Ostra Regal  #2","moreprodukty","ustricy","2 100 Т","","/moreprodukty/ustricy/ustricy-ostra-regal-2/"
22,"","Устрицы Fin De Claire №2 Marine","moreprodukty","ustricy","1 400 Т","","/moreprodukty/ustricy/ustricy-fin-de-claire-2/"
23,"","Устрицы Tarbouriech","moreprodukty","ustricy","2 400 Т","","/moreprodukty/ustricy/ustricy-tarbouriech/"
24,"","Устрицы Fine de Claire Selection Marine #3","moreprodukty","ustricy","1 100 Т","","/moreprodukty/ustricy/ustricy-fine-de-claire-selection-marine-3/"
25,"","Устрицы La Belle №2","moreprodukty","ustricy","1 490 Т","","/moreprodukty/ustricy/ustricy-la-belle-2/"
26,"","Устрицы №2 Царская","moreprodukty","ustricy","1 600 Т","","/moreprodukty/ustricy/ustricy-2-carskaya/"
27,"","Гребешок Risma 10/20 глазурь 7%","moreprodukty","grebeshok","13 500 Т","","/moreprodukty/grebeshok/grebeshok-risma-1020-glazur-7/"
28,"","Гребешок 10/20, глазурь 25%","moreprodukty","grebeshok","6 800 Т","","/moreprodukty/grebeshok/grebeshok-1020-glazur-25/"
29,"","Гребешок Морской на раковине с икрой 12/16","moreprodukty","grebeshok","7 600 Т","","/moreprodukty/grebeshok/grebeshok-morskoy-na-rakovine-s-ikroy-1020/"
30,"","Гребешок на Створке","moreprodukty","grebeshok","4 500 Т","","/moreprodukty/grebeshok/grebeshok-na-stvorke/"
31,"","Мидии в раковине 40-60 закрытые","moreprodukty","midii","4 800 Т","","/moreprodukty/midii/midii-v-rakovine-40-60-zakrytye/"
32,"","Мидии на раковине Киви 40/60,  Новая Зеландия","moreprodukty","midii","5 400 Т","","/moreprodukty/midii/midii-na-rakovine-kivi-4060-novaya-zelandiya/"
33,"","Мясо Мидий очищенное","moreprodukty","midii","3 000 Т","","/moreprodukty/midii/myaso-midiy-ochischennoe/"
34,"","Осьминог Бэби, размер 40/60","moreprodukty","osminogi","5 500 Т","","/moreprodukty/osminogi/osminog-bebi-razmer-40-60/"
35,"","Осьминог Индонезия 0,5 - 1 кг","moreprodukty","osminogi","8 900 Т","","/moreprodukty/osminogi/osminog-indoneziya-1-2-kg/"
36,"","Каракатица, размер 40-60 ","moreprodukty","osminogi","4 800 Т","","/moreprodukty/osminogi/karakatica-razmer-40-60/"
37,"","Хвост Омара, замороженный","moreprodukty","lobstery","40 000 Т","","/moreprodukty/lobstery/hvost-omara-zamorozhenniy/"
38,"","Клешни Лобстера (Омара) замороженные","moreprodukty","lobstery","13 500 Т","","/moreprodukty/lobstery/kleshni-lobstera-omara-zamorozhennye/"
39,"","Лобстер (Омар) размер 1000+ гр.","moreprodukty","lobstery","45 000 Т","","/moreprodukty/lobstery/lobster-omar-razmer-1000-gr/"
40,"","Трубка Кальмара","moreprodukty","kalmary","3 700 Т","","/moreprodukty/kalmary/trubka-kalmara/"
41,"","Щупальца Кальмара свежемороженные","moreprodukty","kalmary","2 500 Т","","/moreprodukty/kalmary/tushka-kalmara/"
42,"","Кольца Кальмара, уп. 1 кг","moreprodukty","kalmary","4 800 Т","","/moreprodukty/kalmary/kolca-kalmara-up-1-kg/"
43,"","Кальмар Патагонский","moreprodukty","kalmary","5 500 Т","","/moreprodukty/kalmary/kalmar-patagonskiy/"
44,"","Кальмар Командорский очищенный","moreprodukty","kalmary","3 600 Т","","/moreprodukty/kalmary/kalmar-komandorskiy-ochischenniy/"
45,"","Кальмар Тушка Неочищенный","moreprodukty","kalmary","2 500 Т","","/moreprodukty/kalmary/kalmar-tushka-neochischenniy/"
46,"","Кальмар Командорский 600 гр","moreprodukty","kalmary","1 990 Т","","/moreprodukty/kalmary/kalmar-komandorskiy-600-gr/"
47,"","Трубка Кальмара Risma","moreprodukty","kalmary","4 800 Т","","/moreprodukty/kalmary/trubka-kalmara-risma/"
48,"","Морской Коктейль Стандарт 1 кг","moreprodukty","morskoy-kokteyl","3 000 Т","","/moreprodukty/morskoy-kokteyl/morskoy-kokteyl-standart-1-kg/"
49,"","Вонголе Свежемороженные уп. 500 гр","moreprodukty","vongole","3 500 Т","","/moreprodukty/vongole/vongole-svezhemorozhennye-up-500-gr/"
50,"","Улитка Бургундская в металлическом поддоне","moreprodukty","ulitki-burgundskie","2 990 Т","","/moreprodukty/ulitki-burgundskie/ulitka-burgundskaya-v-metallicheskom-poddone/"
51,"","Улитки по Бургундски (Escargot)","moreprodukty","ulitki-burgundskie","10 500 Т","","/moreprodukty/ulitki-burgundskie/ulitki-po-burgundski-escargot/"
52,"","Керамическая Сковорода ""Улиточница Эскарготьерка""","moreprodukty","ulitki-burgundskie","4 500 Т","","/moreprodukty/ulitki-burgundskie/keramicheskaya-skovoroda-ulitochnica-eskargoterka/"
53,"","Семга Атлантическая (Лосось) Охлажденная, 3-4 кг","ryba","ohlazhdennaya-ryba","5 990 Т","","/ryba/ohlazhdennaya-ryba/semga-atlanticheskaya-ohlazhdennaya-ves-3-4-kg-norvegiya/"
54,"","Дорадо Охлажденная вес 300 - 400 гр/шт Греция","ryba","ohlazhdennaya-ryba","4 990 Т","","/ryba/ohlazhdennaya-ryba/dorado-ohlazhdennaya-ves-300-400-grsht-greciya/"
55,"","Форель Атлантическая охлажденная 3-4 кг, Норвегия","ryba","ohlazhdennaya-ryba","7 700 Т","","/ryba/ohlazhdennaya-ryba/forel-atlanticheskaya-ohlazhdennaya-3-4-kg-norvegiya/"
56,"","Сибас Охлажденный весом 300 - 400 гр/шт ","ryba","ohlazhdennaya-ryba","4 990 Т","","/ryba/ohlazhdennaya-ryba/sibas-ohlazhdenniy-vesom-ot-300-do-400-gr/"
57,"","Дорадо Охлажденная 400 - 600 гр./шт","ryba","ohlazhdennaya-ryba","4 990 Т","","/ryba/ohlazhdennaya-ryba/dorado-ohlazhdennaya-400-600-grsht/"
58,"","Сибас Охлажденный 400 - 600 гр/шт","ryba","ohlazhdennaya-ryba","4 990 Т","","/ryba/ohlazhdennaya-ryba/sibas-ohlazhdenniy-400-600-gr/"
59,"","Семга Атлантическая охлажденная, 5-6 кг, Норвегия","ryba","ohlazhdennaya-ryba","7 700 Т","","/ryba/ohlazhdennaya-ryba/semga-atlanticheskaya-ohlazhdennaya-6-7-kg-norvegiya/"
60,"","Сибас Охлажденный 600 - 800 гр., Греция","ryba","ohlazhdennaya-ryba","7 200 Т","","/ryba/ohlazhdennaya-ryba/sibas-ohlazhdenniy-600-800-gr-greciya/"
61,"","Форель Атлантическая Норвежская охлажденная 5 - 6 кг","ryba","ohlazhdennaya-ryba","7 700 Т","","/ryba/ohlazhdennaya-ryba/forel-atlanticheskaya-norvezhskaya-ohlazhdennaya-5-6-kg/"
62,""," Дорадо Охлажденная вес 600-800 гр., Турция","ryba","ohlazhdennaya-ryba","7 200 Т","","/ryba/ohlazhdennaya-ryba/-dorado-ohlazhdennaya-ves-600-800-gr-greciya/"
63,"","Сибас охлажденный весом от 1000 до 1500 гр Турция","ryba","ohlazhdennaya-ryba","8 900 Т","","/ryba/ohlazhdennaya-ryba/sibas-ohlazhdenniy-vesom-ot-1000-do-1500-gr-greciya/"
64,"","Снеппер Красный (Red Snapper)","ryba","ohlazhdennaya-ryba","9 490 Т","","/ryba/rifovaya-ryba/snepper-krasniy-red-snapper/"
65,"","Барабулька Red Mullet (Султанка)","ryba","ohlazhdennaya-ryba","9 490 Т","","/ryba/rifovaya-ryba/barabulka-red-mullet-sultanka/"
66,""," Дорадо Охлажденная вес 1+ kg","ryba","ohlazhdennaya-ryba","8 900 Т","","/ryba/ohlazhdennaya-ryba/-dorado-ohlazhdennaya-ves-1000-1500-gr-sht/"
67,"","Барамунди / Barramundi  вес 0,5 - 2 кг/шт","ryba","ohlazhdennaya-ryba","9 490 Т","","/ryba/rifovaya-ryba/baramundi-barramundi-ves-0-5-2-kg-sht/"
68,"","Группер Каменный /Spotted Grouper 0,5 - 2 кг/шт","ryba","ohlazhdennaya-ryba","9 490 Т","","/ryba/rifovaya-ryba/grupper-kamenniy-spotted-grouper-0-5-2-kg-sht/"
69,""," Рыба Попугай/ Parrot Fish 0,5 - 2 кг","ryba","ohlazhdennaya-ryba","9 490 Т","","/ryba/rifovaya-ryba/-ryba-popugay-parrot-fish-0-5-2-kg/"
70,"","Филе Рыбы Меч (Swordfish) охлажденное","ryba","ohlazhdennaya-ryba","15 990 Т","","/ryba/rifovaya-ryba/file-ryby-mech-swordfish-ohlazhdennoe/"
71,"","Император / Emperor Fish 0,5 - 2 кг/шт","ryba","ohlazhdennaya-ryba","9 490 Т","","/ryba/rifovaya-ryba/imperator-emperor-fish-0-5-2-kg-sht/"
72,"","Барракуда охлажденная 1-3 кг","ryba","ohlazhdennaya-ryba","9 490 Т","","/ryba/rifovaya-ryba/barrakuda-ohlazhdennaya-1-3-kg/"
73,"","Стейк из Семги нарезка Подкова","ryba","zamorozhennaya-ryba","6 990 Т","","/ryba/zamorozhennaya-ryba/steyk-iz-semgi-narezka-podkova/"
74,"","Филе Судака уп. 1 кг","ryba","zamorozhennaya-ryba","3 500 Т","","/ryba/file-iz-ryby/file-sudaka-up-1-kg/"
75,"","Морской Окунь размер 500-600 гр","ryba","zamorozhennaya-ryba","3 000 Т","","/ryba/zamorozhennaya-ryba/morskoy-okun-razmer-500-600-gr/"
76,"","Палтус вес 2-3 кг","ryba","zamorozhennaya-ryba","5 500 Т","","/ryba/zamorozhennaya-ryba/paltus-ves-3-kg/"
77,"","Скумбрия (макрель атлантическая) 400-600","ryba","zamorozhennaya-ryba","2 200 Т","","/ryba/zamorozhennaya-ryba/skumbriya-makrel-atlanticheskaya-400-600/"
78,"","Тунец  Yellowfin филе уп. 350-550 гр.","ryba","zamorozhennaya-ryba","10 100 Т","","/ryba/zamorozhennaya-ryba/tunec-yellowfin-file-up-300-500-gr/"
79,"","Форель Радужная Замороженая","ryba","zamorozhennaya-ryba","3 200 Т","","/ryba/zamorozhennaya-ryba/forel-raduzhnaya-zamorozhenaya/"
80,"","Треска Атлантическая  размер 3 кг+","ryba","zamorozhennaya-ryba","3 500 Т","","/ryba/zamorozhennaya-ryba/treska-atlanticheskaya-razmer-3-kg/"
81,"","Дорадо замороженная, весом 300-400 гр./шт","ryba","zamorozhennaya-ryba","4 200 Т","","/ryba/zamorozhennaya-ryba/dorado-zamorozhennaya-vesom-300-400-grsht/"
82,"","Сибас замороженный 300-400 гр.","ryba","zamorozhennaya-ryba","4 200 Т","","/ryba/zamorozhennaya-ryba/sibas-zamorozhenniy-300-400-gr/"
83,"","Филе минтая замороженное, уп. 600 гр","ryba","zamorozhennaya-ryba","1 490 Т","","/ryba/file-iz-ryby/file-mintaya/"
84,"","Угорь Копченый Унаги, филе для суши","ryba","zamorozhennaya-ryba","10 000 Т","","/ryba/zamorozhennaya-ryba/ugor-kopcheniy-unagi-dlya-sushi/"
85,"","Мойва атлантическая","ryba","zamorozhennaya-ryba","3 100 Т","","/ryba/zamorozhennaya-ryba/moyva-atlanticheskaya/"
86,"","Семга (Лосось) Замороженная размер 6-7 кг","ryba","zamorozhennaya-ryba","4 490 Т","","/ryba/zamorozhennaya-ryba/semga-zamorozhennaya-razmer-6-7-kg/"
87,"","Стейк Подкова из Форели","ryba","zamorozhennaya-ryba","7 490 Т","","/ryba/file-iz-ryby/steyk-podkova-iz-foreli/"
88,"","Черная Треска, вылов Канада","ryba","zamorozhennaya-ryba","22 000 Т","","/ryba/zamorozhennaya-ryba/chernaya-treska-vylov-kanada/"
89,"","Стейки из Осетра, уп. 800 грамм ","ryba","zamorozhennaya-ryba","9 800 Т","","/ryba/zamorozhennaya-ryba/steyki-iz-osetra/"
90,"","Хек Тушка Свежемороженная","ryba","zamorozhennaya-ryba","1 800 Т","","/ryba/zamorozhennaya-ryba/hek-tushka-svezhemorozhennaya/"
91,"","Филе Окуня морского, 220 гр","ryba","zamorozhennaya-ryba","3 000 Т","","/ryba/file-iz-ryby/file-okunya-morskogo/"
92,"","Сибас Замороженный 1+ крупный","ryba","zamorozhennaya-ryba","7 500 Т","","/ryba/zamorozhennaya-ryba/sibas-zamorozhenniy-1-krupniy/"
93,"","Стейк из Семги нарезка Подкова","ryba","file-iz-ryby","6 990 Т","","/ryba/zamorozhennaya-ryba/steyk-iz-semgi-narezka-podkova/"
94,"","Лосось Малосольный филе на шкуре","ryba","file-iz-ryby","9 500 Т","","/ryba/ryba-kopchenaya/losos-malosolniy-file-na-shkure/"
95,"","Филе Судака уп. 1 кг","ryba","file-iz-ryby","3 500 Т","","/ryba/file-iz-ryby/file-sudaka-up-1-kg/"
96,"","Филе из Охлажденной Семги (Лосося)","ryba","file-iz-ryby","14 500 Т","","/ryba/file-iz-ryby/file-iz-ohlazhdennoy-semgi-2-2-2-5-kg/"
97,"","Филе на шкуре из Атлантической Семги","ryba","file-iz-ryby","8 900 Т","","/ryba/file-iz-ryby/file-na-shkure-iz-atlanticheskoy-semgi/"
98,"","Филе из Охлажденной Океанической Форели  1,5 - 2 кг","ryba","file-iz-ryby","14 500 Т","","/ryba/file-iz-ryby/file-iz-ohlazhdennoy-okeanicheskoy-foreli-1-5-2-kg/"
99,"","Слайсы из Малосольного Лосося","ryba","file-iz-ryby","15 990 Т","","/ryba/ryba-kopchenaya/slaysy-iz-malosolnogo-lososya/"
100,"","Стейк Подкова из Норв. лосося размороженный  вес 300 - 400 гр","ryba","file-iz-ryby","7 800 Т","","/ryba/file-iz-ryby/steyk-podkova-iz-norv-lososya-razmorozhenniy-ves-300-400-gr/"
101,"","Филе Трески заморозка","ryba","file-iz-ryby","4 500 Т","","/ryba/file-iz-ryby/file-treski-zamorozka/"
102,"","Тунец  Yellowfin филе уп. 350-550 гр.","ryba","file-iz-ryby","10 100 Т","","/ryba/zamorozhennaya-ryba/tunec-yellowfin-file-up-300-500-gr/"
103,"","Филе Лосося копченое цельное вакуум","ryba","file-iz-ryby","11 500 Т","","/ryba/ryba-kopchenaya/file-lososya-kopchenoe-celnoe-vakuum/"
104,"","Филе минтая замороженное, уп. 600 гр","ryba","file-iz-ryby","1 490 Т","","/ryba/file-iz-ryby/file-mintaya/"
105,"","Угорь Копченый Унаги, филе для суши","ryba","file-iz-ryby","10 000 Т","","/ryba/zamorozhennaya-ryba/ugor-kopcheniy-unagi-dlya-sushi/"
106,"","Стейк Бабочка из Атлантической семги вес 150 гр.","ryba","file-iz-ryby","8 900 Т","","/ryba/file-iz-ryby/steyk-babochka-iz-atlanticheskoy-semgi-ves-150-gr/"
107,"","Стейк Подкова из Форели","ryba","file-iz-ryby","7 490 Т","","/ryba/file-iz-ryby/steyk-podkova-iz-foreli/"
108,"","Гравлакс (Gravad Lax) из охлажденки, вес 800 - 1000 гр.","ryba","file-iz-ryby","16 500 Т","","/ryba/ryba-kopchenaya/gravlaks-gravad-lax-iz-ohlazhdenki-ves-800-1000-gr/"
109,"","Филе Тунца грейд А, без костей и шкуры","ryba","file-iz-ryby","15 500 Т","","/ryba/rifovaya-ryba/file-tunca-greyd-a-bez-kostey-i-shkury/"
110,"","Стейки из Осетра, уп. 800 грамм ","ryba","file-iz-ryby","9 800 Т","","/ryba/zamorozhennaya-ryba/steyki-iz-osetra/"
111,"","Филе Сельди малосольное KingFisher","ryba","file-iz-ryby","5 000 Т","","/ryba/file-iz-ryby/file-seldi-malosolnoe-kingfisher/"
112,"","Филе Окуня морского, 220 гр","ryba","file-iz-ryby","3 000 Т","","/ryba/file-iz-ryby/file-okunya-morskogo/"
113,"","Чилийский Сибас стейк-подкова","ryba","file-iz-ryby","30 000 Т","","/ryba/file-iz-ryby/chiliyskiy-sibas-steyk-podkova/"
114,"","Стейк-филе Swordfish (Рыба Меч)","ryba","file-iz-ryby","6 800 Т","","/ryba/file-iz-ryby/steyk-file-sword-fish-ryba-mech/"
115,"","Черная Треска стейк-подкова","ryba","file-iz-ryby","31 000 Т","","/ryba/file-iz-ryby/chernaya-treska-steyki-podkova/"
116,"","Стейк Акулы","ryba","file-iz-ryby","14 800 Т","","/ryba/file-iz-ryby/steyk-akuly/"
117,"","Лосось Малосольный филе на шкуре","ryba","ryba-kopchenaya","9 500 Т","","/ryba/ryba-kopchenaya/losos-malosolniy-file-na-shkure/"
118,"","Лосось копченый по Шотландски Филе","ryba","ryba-kopchenaya","10 800 Т","","/ryba/ryba-kopchenaya/losos-kopcheniy-po-shotlandski-file/"
119,"","Слайсы из Малосольного Лосося","ryba","ryba-kopchenaya","15 990 Т","","/ryba/ryba-kopchenaya/slaysy-iz-malosolnogo-lososya/"
120,"","Эсколар копченый филе на шкуре","ryba","ryba-kopchenaya","7 800 Т","","/ryba/ryba-kopchenaya/eskolar-kopcheniy-file-na-shkure/"
121,"","Слайсы Копченый Лосось (Семга)  Шотландского Копчения","ryba","ryba-kopchenaya","10 800 Т","","/ryba/ryba-kopchenaya/slaysy-iz-kopchenogo-lososya-shotlandskogo-kopcheniya/"
122,"","Тунец Копченый Куском (спинка)","ryba","ryba-kopchenaya","8 490 Т","","/ryba/ryba-kopchenaya/tunec-kopcheniy-kuskom/"
123,"","Форель Копченая из Охлажденки Филе","ryba","ryba-kopchenaya","10 800 Т","","/ryba/ryba-kopchenaya/forel-kopchenaya-iz-ohlazhdenki-file/"
124,"","Филе Лосося копченое цельное вакуум","ryba","ryba-kopchenaya","11 500 Т","","/ryba/ryba-kopchenaya/file-lososya-kopchenoe-celnoe-vakuum/"
125,"","Гравлакс (Gravad Lax) из охлажденки, вес 800 - 1000 гр.","ryba","ryba-kopchenaya","16 500 Т","","/ryba/ryba-kopchenaya/gravlaks-gravad-lax-iz-ohlazhdenki-ves-800-1000-gr/"
126,"","Слайсы из копченого Эсколара","ryba","ryba-kopchenaya","14 800 Т","","/ryba/ryba-kopchenaya/slaysy-iz-kopchenogo-eskolara/"
127,"","Филе Осетра Холодного копчения","ryba","ryba-kopchenaya","18 500 Т","","/ryba/ryba-kopchenaya/file-osetra-holodnogo-kopcheniya/"
128,"","Тунец Копченый нарезка Слайсами","ryba","ryba-kopchenaya","12 500 Т","","/ryba/ryba-kopchenaya/tunec-kopcheniy-narezka-slaysami/"
129,"","Филе Тунца грейд А, без костей и шкуры","ryba","rifovaya-ryba","15 500 Т","","/ryba/rifovaya-ryba/file-tunca-greyd-a-bez-kostey-i-shkury/"
130,"","Снеппер Красный (Red Snapper)","ryba","rifovaya-ryba","9 490 Т","","/ryba/rifovaya-ryba/snepper-krasniy-red-snapper/"
131,"","Барабулька Red Mullet (Султанка)","ryba","rifovaya-ryba","9 490 Т","","/ryba/rifovaya-ryba/barabulka-red-mullet-sultanka/"
132,"","Барамунди / Barramundi  вес 0,5 - 2 кг/шт","ryba","rifovaya-ryba","9 490 Т","","/ryba/rifovaya-ryba/baramundi-barramundi-ves-0-5-2-kg-sht/"
133,"","Группер Каменный /Spotted Grouper 0,5 - 2 кг/шт","ryba","rifovaya-ryba","9 490 Т","","/ryba/rifovaya-ryba/grupper-kamenniy-spotted-grouper-0-5-2-kg-sht/"
134,""," Рыба Попугай/ Parrot Fish 0,5 - 2 кг","ryba","rifovaya-ryba","9 490 Т","","/ryba/rifovaya-ryba/-ryba-popugay-parrot-fish-0-5-2-kg/"
135,"","Филе Рыбы Меч (Swordfish) охлажденное","ryba","rifovaya-ryba","15 990 Т","","/ryba/rifovaya-ryba/file-ryby-mech-swordfish-ohlazhdennoe/"
136,"","Император / Emperor Fish 0,5 - 2 кг/шт","ryba","rifovaya-ryba","9 490 Т","","/ryba/rifovaya-ryba/imperator-emperor-fish-0-5-2-kg-sht/"
137,"","Барракуда охлажденная 1-3 кг","ryba","rifovaya-ryba","9 490 Т","","/ryba/rifovaya-ryba/barrakuda-ohlazhdennaya-1-3-kg/"
138,"","Тунец YellowFin Охлажденный","ryba","rifovaya-ryba","15 500 Т","","/ryba/rifovaya-ryba/tunec-yellowfin-ohlazhdenniy/"
139,"","Лосось Малосольный филе на шкуре","ryba","malosolnaya-ryba","9 500 Т","","/ryba/ryba-kopchenaya/losos-malosolniy-file-na-shkure/"
140,"","Слайсы из Малосольного Лосося","ryba","malosolnaya-ryba","15 990 Т","","/ryba/ryba-kopchenaya/slaysy-iz-malosolnogo-lososya/"
141,"","Гравлакс (Gravad Lax) из охлажденки, вес 800 - 1000 гр.","ryba","malosolnaya-ryba","16 500 Т","","/ryba/ryba-kopchenaya/gravlaks-gravad-lax-iz-ohlazhdenki-ves-800-1000-gr/"
142,"","Филе Сельди малосольное KingFisher","ryba","malosolnaya-ryba","5 000 Т","","/ryba/file-iz-ryby/file-seldi-malosolnoe-kingfisher/"
143,"","Печень трески натуральная, Исландия","ryba","konservy","1 850 Т","","/bakaleya/konservy/bering/pechen-treski-naturalnaya-islandiya/"
144,"","Тунец Филе консервированное в масле","ryba","konservy","1 100 Т","","/bakaleya/konservy/bering/tunec-file-konservirovannoe-v-masle/"
145,"","Анчоусы Agostino Recca в масле","ryba","konservy","3 500 Т","","/bakaleya/antipasti/cifud-antipasti/anchousy-agostino-recca-v-masle/"
146,"","Сардины в масле Agostino Recca","ryba","konservy","10 500 Т","","/bakaleya/antipasti/cifud-antipasti/sardina-file-v-masle/"
147,"","Анчоусы Agostino Recca, 540 гр","ryba","konservy","15 800 Т","","/ryba/konservy/delikatesy/anchousy-agostino-recca-540-gr/"
148,"","Анчоусы Agostino Recca в масле","konservy","delikatesy","3 500 Т","","/bakaleya/antipasti/cifud-antipasti/anchousy-agostino-recca-v-masle/"
149,"","Сардины в масле Agostino Recca","konservy","delikatesy","10 500 Т","","/bakaleya/antipasti/cifud-antipasti/sardina-file-v-masle/"
150,"","Анчоусы Agostino Recca, 540 гр","konservy","delikatesy","15 800 Т","","/ryba/konservy/delikatesy/anchousy-agostino-recca-540-gr/"
151,"","Печень трески натуральная, Исландия","konservy","bering","1 850 Т","","/bakaleya/konservy/bering/pechen-treski-naturalnaya-islandiya/"
152,"","Тунец Филе консервированное в масле","konservy","bering","1 100 Т","","/bakaleya/konservy/bering/tunec-file-konservirovannoe-v-masle/"
153,"","Икра Красная Нерка 2021 ","ikra","ikra-krasnaya","40 000 Т","","/ikra/ikra-krasnaya/ikra-krasnaya-nerka-2021/"
154,"","Икра Красная Keta, уп. 200 гр.","ikra","ikra-krasnaya","7 200 Т","","/ikra/ikra-krasnaya/ikra-krasnaya-ikura-keta-up-200-gr/"
155,"","Икра Горбуши 2021","ikra","ikra-krasnaya","15 990 Т","","/ikra/ikra-krasnaya/ikra-gorbushi-dalnevostochnaya/"
156,"","Икра красная ""Золото Сахалина""   360 грамм","ikra","ikra-krasnaya","16 500 Т","","/ikra/ikra-krasnaya/ikra-krasnaya-zoloto-sahalina-360-gramm/"
157,"","Икра красная ""Золото Сахалина"" 220 грамм","ikra","ikra-krasnaya","10 800 Т","","/ikra/ikra-krasnaya/ikra-krasnaya-zoloto-sahalina-220-gramm/"
158,"","Икра Красная ""Золото Сахалина"" 500 гр.","ikra","ikra-krasnaya","19 990 Т","","/ikra/ikra-krasnaya/ikra-krasnaya-zoloto-sahalina-500-gr/"
159,"","Икра Горбуши 2021 (200 гр)","ikra","ikra-krasnaya","7 000 Т","","/ikra/ikra-krasnaya/ikra-gorbushi-2021-200-gr/"
160,"","Икра Красная Путина, 150 гр","ikra","ikra-krasnaya","7 200 Т","","/ikra/ikra-krasnaya/ikra-krasnaya-putina-150-gr/"
161,"","Икра красная Путина, 440 гр","ikra","ikra-krasnaya","20 700 Т","","/ikra/ikra-krasnaya/ikra-krasnaya-putina-440-gr/"
162,"","Икра Красная Путина, 240 гр","ikra","ikra-krasnaya","11 100 Т","","/ikra/ikra-krasnaya/ikra-krasnaya-putina-240-gr/"
163,"","Икра красная Путина, 90 гр","ikra","ikra-krasnaya","5 400 Т","","/ikra/ikra-krasnaya/ikra-krasnaya-putina-90-gr/"
164,"","Икра красная ""Обкомовская"", уп. 500 гр","ikra","ikra-krasnaya","27 200 Т","","/ikra/ikra-krasnaya/ikra-krasnaya-obkomovskaya-up-500-gr/"
165,"","Икра Красная ""Обкомовская"", уп. 360 гр.","ikra","ikra-krasnaya","19 200 Т","","/ikra/ikra-krasnaya/ikra-krasnaya-obkomovskaya-up-360-gr/"
166,"","Икра Красная Путина, 60 гр","ikra","ikra-krasnaya","3 200 Т","","/ikra/ikra-krasnaya/ikra-krasnaya-putina-60-gr/"
167,"","Икра Красная ""Обкомовская"", 95 гр.","ikra","ikra-krasnaya","5 500 Т","","/ikra/ikra-krasnaya/ikra-krasnaya-obkomovskaya-95-gr/"
168,"","Икра Красная ""Обкомовская"" уп. 140 гр.","ikra","ikra-krasnaya","8 000 Т","","/ikra/ikra-krasnaya/ikra-krasnaya-obkomovskaya-up-140-gr/"
169,"","Икра Черная Стерлядь","ikra","chernaya-ikra","16 500 Т","","/ikra/chernaya-ikra/ikra-chernaya-sterlyad/"
170,"","Икра Черная Осетровых ","ikra","chernaya-ikra","35 000 Т","","/ikra/chernaya-ikra/ikra-chernaya-osetrovyh/"
171,"","Черная Икра Caspian Caviar","ikra","chernaya-ikra","66 700 Т","","/ikra/chernaya-ikra/chernaya-ikra-caspian-caviar/"
172,"","Икра Морского Ежа","ikra","ikra-morskogo-ezha","10 500 Т","","/ikra/ikra-morskogo-ezha/ikra-morskogo-ezha/"
173,"","Хамон Jamon iberico, 40 гр","myaso","hamon","10 100 Т","","/myaso/hamon/hamon-jamon-iberico-40-gr/"
174,"","Хамон Jamon Iberico, уп. 70 гр","myaso","hamon","15 800 Т","","/myaso/hamon/hamon-jamon-iberico-up-70-gr/"
175,"","Хамон Лопатка Jamon Belotta, 40 гр","myaso","hamon","7 500 Т","","/myaso/hamon/hamon-lopatka-jamon-belotta-40-gr/"
176,"","Хамон Jamon Iberico Horeca, 40 гр","myaso","hamon","9 500 Т","","/myaso/hamon/hamon-jamon-iberico-horeca-40-gr/"
177,"","Филе утки Мулард ","myaso","myaso-utki","4 800 Т","","/myaso/myaso-utki/file-utki-mulard/"
178,"","Ножка утиная Конфи","myaso","myaso-utki","5 200 Т","","/myaso/myaso-utki/nozhka-utinaya-konfi/"
179,"","Печень утиная  Фуа-Гра  Эскалоп","myaso","myaso-utki","28 000 Т","","/myaso/myaso-utki/pechen-utinaya-fua-gra-eskalop/"
180,"","Паштет из утки  Rillettes de Canard Classique","myaso","myaso-utki","3 500 Т","","/myaso/myaso-utki/pashtet-rillettes-de-canard-classique/"
181,"","Колбаски Бордо Экстра, уп. 180 гр","myaso","myaso-utki","2 700 Т","","/myaso/myaso-utki/kolbaski-utinye-bordo-up-180-gr/"
182,"","Паштет Rillettes de Canard Foie Gras","myaso","myaso-utki","4 000 Т","","/myaso/myaso-utki/pashtet-rillettes-de-canard-foie-gras/"
183,"","Паштет Пате-Мусс из Фуа-Гра 50%","myaso","myaso-utki","1 590 Т","","/myaso/myaso-utki/pashtet-pate-muss-iz-fua-gra/"
184,"","Паштет Пате из Фуа-гра 100%","myaso","myaso-utki","2 500 Т","","/myaso/myaso-utki/pashtet-pate-iz-fua-gra/"
185,"","Фуа-гра Утиная  Золото целая","myaso","myaso-utki","27 000 Т","","/myaso/myaso-utki/fua-gra-utinaya-zoloto-celaya/"
186,"","Колбаски Фелино Мини","myaso","myaso-utki","1 690 Т","","/myaso/myaso-utki/kolbaski-felino-mini/"
187,"","Колбаски Утиные для гриля","myaso","myaso-utki","4 500 Т","","/myaso/myaso-utki/kolbaski-utinye-dlya-grilya/"
188,"","Колбаска Пармеджана сыровяленая","myaso","myaso-utki","3 000 Т","","/myaso/myaso-utki/kolbaska-parmedzhana-syrovyalenaya/"
189,"","Колбаска Пражская сыровяленая","myaso","myaso-utki","3 000 Т","","/myaso/myaso-utki/kolbaska-prazhskaya-syrovyalenaya/"
190,"","Соус из черного трюфеля Salsa Nero Tartufi Organic","bakaleya","tryufel","4 800 Т","","/bakaleya/tryufel/sous-iz-chernogo-tryufelya-salsa-nero-tartufi-organic/"
191,"","Оливковое масло с  черным трюфелем 100 мл Olive Oil with black truffle","bakaleya","tryufel","4 000 Т","","/bakaleya/tryufel/olivkovoe-maslo-s-chernym-tryufelem-100-ml-olive-oil-with-black-truffle/"
192,"","Оливковое масло с белым трюфелем Olive Oil with white truffle","bakaleya","tryufel","4 000 Т","","/bakaleya/tryufel/olivkovoe-maslo-s-belym-tryufelem-olive-oil-with-white-truffle/"
193,"","Ломтики черного трюфеля в рассоле Truffle slices Organic","bakaleya","tryufel","10 600 Т","","/bakaleya/tryufel/lomtiki-chernogo-tryufelya-v-rassole-truffle-slices-organic/"
194,"","Трюфель черный целый в рассоле Whole Black Truffle in brine","bakaleya","tryufel","8 500 Т","","/bakaleya/tryufel/tryufel-cherniy-celiy-v-rassole-whole-black-truffle-in-brine/"
195,"","Сальса Соус из Черного трюфеля","bakaleya","tryufel","4 800 Т","","/bakaleya/tryufel/salsa-sous-iz-chernogo-tryufelya/"
196,"","Трюфельный Соус  Salsa Nero Tartufi Organic","bakaleya","tryufel","5 800 Т","","/bakaleya/tryufel/tryufelniy-sous-salsa-nero-tartufi-organic/"
197,"","Трюфель Черный целый в рассоле","bakaleya","tryufel","16 500 Т","","/bakaleya/tryufel/tryufel-cherniy-celiy-v-rassole/"
198,"","Спагетти Di Martino","bakaleya","makarony","1 600 Т","","/bakaleya/makarony/italyanskaya-kuhnya/spagetti-di-martino/"
199,"","Паста PENNE RIGATE Di Martino","bakaleya","makarony","1 600 Т","","/bakaleya/makarony/italyanskaya-kuhnya/pasta-penne-rigate-di-martino/"
200,"","Паста Tofette Di Martino ","bakaleya","makarony","1 600 Т","","/bakaleya/makarony/italyanskaya-kuhnya/pasta-tofette-di-martino/"
201,"","Паста Оливковые Листья","bakaleya","makarony","2 000 Т","","/bakaleya/makarony/italyanskaya-kuhnya/pasta-olivkovye-listya/"
202,"","Макароны ракушки Orecciette Tricolore","bakaleya","makarony","2 000 Т","","/bakaleya/makarony/italyanskaya-kuhnya/makarony-rakushki-orecciette-tricolore/"
203,"","Спагетти Di Martino","makarony","italyanskaya-kuhnya","1 600 Т","","/bakaleya/makarony/italyanskaya-kuhnya/spagetti-di-martino/"
204,"","Паста PENNE RIGATE Di Martino","makarony","italyanskaya-kuhnya","1 600 Т","","/bakaleya/makarony/italyanskaya-kuhnya/pasta-penne-rigate-di-martino/"
205,"","Паста Tofette Di Martino ","makarony","italyanskaya-kuhnya","1 600 Т","","/bakaleya/makarony/italyanskaya-kuhnya/pasta-tofette-di-martino/"
206,"","Паста Оливковые Листья","makarony","italyanskaya-kuhnya","2 000 Т","","/bakaleya/makarony/italyanskaya-kuhnya/pasta-olivkovye-listya/"
207,"","Макароны ракушки Orecciette Tricolore","makarony","italyanskaya-kuhnya","2 000 Т","","/bakaleya/makarony/italyanskaya-kuhnya/makarony-rakushki-orecciette-tricolore/"
208,"","Вяленые помидоры в масле Le Bonta","bakaleya","antipasti","2 500 Т","","/bakaleya/antipasti/antipasti-le-bonta/vyalenye-pomidory-v-masle-le-bonta/"
209,"","Артишок на гриле Le Bonta","bakaleya","antipasti","2 800 Т","","/bakaleya/antipasti/antipasti-le-bonta/artishok-na-grile-le-bonta/"
210,"","Оливки Зеленые Le Bonta","bakaleya","antipasti","2 500 Т","","/bakaleya/antipasti/antipasti-le-bonta/olivki-zelenye-le-bonta/"
211,"","Овощи на Гриле Рустико Le Bonta","bakaleya","antipasti","2 500 Т","","/bakaleya/antipasti/antipasti-le-bonta/ovoschi-na-grile-rustiko-le-bonta/"
212,"","Перец на Гриле Le Bonta","bakaleya","antipasti","2 500 Т","","/bakaleya/antipasti/antipasti-le-bonta/perec-na-grile-le-bonta/"
213,"","Песто алла Дженовезе Le Bonta","bakaleya","antipasti","2 300 Т","","/bakaleya/antipasti/antipasti-le-bonta/pesto-ala-dzhenoveze-le-bonta/"
214,"","Баклажаны на гриле Le Bonta","bakaleya","antipasti","2 500 Т","","/bakaleya/antipasti/antipasti-le-bonta/baklazhany-na-grile/"
215,"","Оливки Микс Le Bonta","bakaleya","antipasti","2 500 Т","","/bakaleya/antipasti/antipasti-le-bonta/olivki-miks-le-bonta/"
216,"","Фисташковая Паста Alicos","bakaleya","antipasti","4 500 Т","","/bakaleya/antipasti/antipasti-alicos/fistashkovaya-pasta/"
217,"","Миндальная Паста","bakaleya","antipasti","4 500 Т","","/bakaleya/antipasti/antipasti-alicos/mindalnaya-pasta/"
218,"","Брускетта Микс с Баклажаном","bakaleya","antipasti","2 500 Т","","/bakaleya/antipasti/antipasti-alicos/brusketta-miks-s-baklazhanami/"
219,"","Соус с Базиликом Le Bonta","bakaleya","antipasti","1 700 Т","","/bakaleya/antipasti/ovoschnye-antipasti/sous-s-bazilikom-le-bonta/"
220,"","Брускетта Микс с помидорами и сладким перцем","bakaleya","antipasti","2 500 Т","","/bakaleya/antipasti/antipasti-alicos/brusketta-s-pomidorami-i-sladkim-percem/"
221,"","Каперсы на веточке Le Bonta","bakaleya","antipasti","2 300 Т","","/bakaleya/antipasti/ovoschnye-antipasti/kapersy-na-vetochke-le-bonta/"
222,"","Грибной Микс Le Bonta","bakaleya","antipasti","2 500 Т","","/bakaleya/antipasti/antipasti-le-bonta/gribnoy-miks-le-bonta/"
223,"","Оливки фиолетовые ""LECCINO"" Le Bonta","bakaleya","antipasti","2 500 Т","","/bakaleya/antipasti/ovoschnye-antipasti/olivki-fioletovye-leccino-le-bonta/"
224,"","Артишок со стеблями All Romana","bakaleya","antipasti","4 000 Т","","/bakaleya/antipasti/antipasti-le-bonta/artishoki-so-steblyami-alla-romana/"
225,"","Брускетта Микс с Базиликом","bakaleya","antipasti","2 500 Т","","/bakaleya/antipasti/antipasti-alicos/brusketta-miks-s-bazilikom/"
226,"","Джем из Сицилийского Апельсина, 110 гр","bakaleya","antipasti","1 600 Т","","/bakaleya/sladosti/dzhem-iz-siciliyskogo-apelsina/"
227,"","Шампиньоны на гриле Le Bonta","bakaleya","antipasti","2 500 Т","","/bakaleya/antipasti/antipasti-le-bonta/shampinony-na-grile-le-bonta/"
228,"","Макароны ракушки Orecciette Tricolore","bakaleya","antipasti","2 000 Т","","/bakaleya/makarony/italyanskaya-kuhnya/makarony-rakushki-orecciette-tricolore/"
229,"","Оливки Зеленые Le Bonta большая банка","bakaleya","antipasti","9 500 Т","","/bakaleya/antipasti/antipasti-le-bonta/olivki-zelenye-bolshaya-banka-le-bonta/"
230,"","Вяленые Помидоры в Оливковом Масле Alicos","bakaleya","antipasti","3 000 Т","","/bakaleya/antipasti/antipasti-alicos/vyalenye-pomidory-v-olivkovom-masle/"
231,"","Каперсы в соли Le Bonta","bakaleya","antipasti","1 700 Т","","/bakaleya/antipasti/ovoschnye-antipasti/kapersy-v-soli-le-bonta/"
232,"","Джем из Сицилийского Лимона, 110 гр","bakaleya","antipasti","1 600 Т","","/bakaleya/sladosti/dzhem-iz-siciliyskogo-limona-110-gr/"
233,"","Джем из Сицилийского Мандарина, 110 гр","bakaleya","antipasti","1 600 Т","","/bakaleya/sladosti/dzhem-iz-siciliyskogo-mandarina/"
234,"","Перец Черри с Тунцом и Каперсами, Le Bonta","bakaleya","antipasti","3 200 Т","","/bakaleya/antipasti/antipasti-le-bonta/perec-cherri-s-tuncom-i-kapersami-le-bonta/"
235,""," Брускетта Микс с Вялеными Помидорами","bakaleya","antipasti","2 500 Т","","/bakaleya/antipasti/antipasti-alicos/brusketta-miks-s-vyalenymi-pomidorami/"
236,""," Фисташковый Песто","bakaleya","antipasti","5 000 Т","","/bakaleya/antipasti/antipasti-alicos/fistashkoviy-pesto-s-bazilikom/"
237,"","Паста из Чили перца Alicos","bakaleya","antipasti","3 000 Т","","/bakaleya/antipasti/antipasti-alicos/pasta-iz-chili-perca/"
238,"","Джем из Красного силийского апельсина","bakaleya","antipasti","3 000 Т","","/bakaleya/siropchik/dzhem-iz-krasnogo-siliyskogo-apelsina/"
239,"","Лук на Гриле Borettane Le Bonta","bakaleya","antipasti","2 500 Т","","/bakaleya/antipasti/ovoschnye-antipasti/luk-na-grile-borettane-le-bonta/"
240,"","Паштет из цукини","bakaleya","antipasti","3 000 Т","","/bakaleya/antipasti/antipasti-alicos/pashtet-iz-cukini/"
241,"","Пепероната с Оливковым Маслом","bakaleya","antipasti","3 000 Т","","/bakaleya/antipasti/antipasti-alicos/peperonata-s-olivkovym-maslom/"
242,"","Песто Сицилиано","bakaleya","antipasti","3 000 Т","","/bakaleya/antipasti/antipasti-alicos/pesto-siciliano/"
243,"","Перец Черри с сыром, Le Bonta, 1700 мл.","bakaleya","antipasti","13 500 Т","","/bakaleya/antipasti/antipasti-le-bonta/perec-cherri-s-syrom-1700-ml-barbera/"
244,"","Лук на гриле с Бальзамическим уксусом Le Bonta","bakaleya","antipasti","2 500 Т","","/bakaleya/antipasti/ovoschnye-antipasti/luk-na-grile-s-balzamicheskim-uksusom-le-bonta/"
245,"","КАПОНАТА СИЦИЛЙСКАЯ","bakaleya","antipasti","2 500 Т","","/bakaleya/antipasti/antipasti-alicos/kaponata-sicilyskaya/"
246,"","Песто Трапеназе","bakaleya","antipasti","3 000 Т","","/bakaleya/antipasti/antipasti-alicos/pesto-trapaneze/"
247,"","Баклажаны Обжаренные слайсами LeBonta","bakaleya","antipasti","8 000 Т","","/bakaleya/antipasti/ovoschnye-antipasti/baklazhany-obzharennye-slaysami-lebonta/"
248,"","Джем из Сицилийского лимона, 220 гр","bakaleya","antipasti","3 000 Т","","/bakaleya/sladosti/dzhem-iz-siciliyskogo-limona-220-gr/"
249,"","Перец Черри фаршированный Тунцом и Каперсами, 1700 мл.","bakaleya","antipasti","13 500 Т","","/bakaleya/antipasti/antipasti-le-bonta/perec-cherri-farshirovanniy-tuncom-i-kapersami-1700-ml/"
250,"","Вяленые помидоры в масле Le Bonta","antipasti","antipasti-le-bonta","2 500 Т","","/bakaleya/antipasti/antipasti-le-bonta/vyalenye-pomidory-v-masle-le-bonta/"
251,"","Артишок на гриле Le Bonta","antipasti","antipasti-le-bonta","2 800 Т","","/bakaleya/antipasti/antipasti-le-bonta/artishok-na-grile-le-bonta/"
252,"","Оливки Зеленые Le Bonta","antipasti","antipasti-le-bonta","2 500 Т","","/bakaleya/antipasti/antipasti-le-bonta/olivki-zelenye-le-bonta/"
253,"","Овощи на Гриле Рустико Le Bonta","antipasti","antipasti-le-bonta","2 500 Т","","/bakaleya/antipasti/antipasti-le-bonta/ovoschi-na-grile-rustiko-le-bonta/"
254,"","Перец на Гриле Le Bonta","antipasti","antipasti-le-bonta","2 500 Т","","/bakaleya/antipasti/antipasti-le-bonta/perec-na-grile-le-bonta/"
255,"","Песто алла Дженовезе Le Bonta","antipasti","antipasti-le-bonta","2 300 Т","","/bakaleya/antipasti/antipasti-le-bonta/pesto-ala-dzhenoveze-le-bonta/"
256,"","Баклажаны на гриле Le Bonta","antipasti","antipasti-le-bonta","2 500 Т","","/bakaleya/antipasti/antipasti-le-bonta/baklazhany-na-grile/"
257,"","Оливки Микс Le Bonta","antipasti","antipasti-le-bonta","2 500 Т","","/bakaleya/antipasti/antipasti-le-bonta/olivki-miks-le-bonta/"
258,"","Соус с Базиликом Le Bonta","antipasti","antipasti-le-bonta","1 700 Т","","/bakaleya/antipasti/ovoschnye-antipasti/sous-s-bazilikom-le-bonta/"
259,"","Каперсы на веточке Le Bonta","antipasti","antipasti-le-bonta","2 300 Т","","/bakaleya/antipasti/ovoschnye-antipasti/kapersy-na-vetochke-le-bonta/"
260,"","Грибной Микс Le Bonta","antipasti","antipasti-le-bonta","2 500 Т","","/bakaleya/antipasti/antipasti-le-bonta/gribnoy-miks-le-bonta/"
261,"","Оливки фиолетовые ""LECCINO"" Le Bonta","antipasti","antipasti-le-bonta","2 500 Т","","/bakaleya/antipasti/ovoschnye-antipasti/olivki-fioletovye-leccino-le-bonta/"
262,"","Артишок со стеблями All Romana","antipasti","antipasti-le-bonta","4 000 Т","","/bakaleya/antipasti/antipasti-le-bonta/artishoki-so-steblyami-alla-romana/"
263,"","Шампиньоны на гриле Le Bonta","antipasti","antipasti-le-bonta","2 500 Т","","/bakaleya/antipasti/antipasti-le-bonta/shampinony-na-grile-le-bonta/"
264,"","Макароны ракушки Orecciette Tricolore","antipasti","antipasti-le-bonta","2 000 Т","","/bakaleya/makarony/italyanskaya-kuhnya/makarony-rakushki-orecciette-tricolore/"
265,"","Оливки Зеленые Le Bonta большая банка","antipasti","antipasti-le-bonta","9 500 Т","","/bakaleya/antipasti/antipasti-le-bonta/olivki-zelenye-bolshaya-banka-le-bonta/"
266,"","Каперсы в соли Le Bonta","antipasti","antipasti-le-bonta","1 700 Т","","/bakaleya/antipasti/ovoschnye-antipasti/kapersy-v-soli-le-bonta/"
267,"","Джем из Сицилийского Лимона, 110 гр","antipasti","antipasti-le-bonta","1 600 Т","","/bakaleya/sladosti/dzhem-iz-siciliyskogo-limona-110-gr/"
268,"","Джем из Сицилийского Мандарина, 110 гр","antipasti","antipasti-le-bonta","1 600 Т","","/bakaleya/sladosti/dzhem-iz-siciliyskogo-mandarina/"
269,"","Перец Черри с Тунцом и Каперсами, Le Bonta","antipasti","antipasti-le-bonta","3 200 Т","","/bakaleya/antipasti/antipasti-le-bonta/perec-cherri-s-tuncom-i-kapersami-le-bonta/"
270,"","Лук на Гриле Borettane Le Bonta","antipasti","antipasti-le-bonta","2 500 Т","","/bakaleya/antipasti/ovoschnye-antipasti/luk-na-grile-borettane-le-bonta/"
271,"","Перец Черри с сыром, Le Bonta, 1700 мл.","antipasti","antipasti-le-bonta","13 500 Т","","/bakaleya/antipasti/antipasti-le-bonta/perec-cherri-s-syrom-1700-ml-barbera/"
272,"","Лук на гриле с Бальзамическим уксусом Le Bonta","antipasti","antipasti-le-bonta","2 500 Т","","/bakaleya/antipasti/ovoschnye-antipasti/luk-na-grile-s-balzamicheskim-uksusom-le-bonta/"
273,"","Баклажаны Обжаренные слайсами LeBonta","antipasti","antipasti-le-bonta","8 000 Т","","/bakaleya/antipasti/ovoschnye-antipasti/baklazhany-obzharennye-slaysami-lebonta/"
274,"","Перец Черри фаршированный Тунцом и Каперсами, 1700 мл.","antipasti","antipasti-le-bonta","13 500 Т","","/bakaleya/antipasti/antipasti-le-bonta/perec-cherri-farshirovanniy-tuncom-i-kapersami-1700-ml/"
275,"","Фисташковая Паста Alicos","antipasti","antipasti-alicos","4 500 Т","","/bakaleya/antipasti/antipasti-alicos/fistashkovaya-pasta/"
276,"","Миндальная Паста","antipasti","antipasti-alicos","4 500 Т","","/bakaleya/antipasti/antipasti-alicos/mindalnaya-pasta/"
277,"","Брускетта Микс с Баклажаном","antipasti","antipasti-alicos","2 500 Т","","/bakaleya/antipasti/antipasti-alicos/brusketta-miks-s-baklazhanami/"
278,"","Брускетта Микс с помидорами и сладким перцем","antipasti","antipasti-alicos","2 500 Т","","/bakaleya/antipasti/antipasti-alicos/brusketta-s-pomidorami-i-sladkim-percem/"
279,"","Брускетта Микс с Базиликом","antipasti","antipasti-alicos","2 500 Т","","/bakaleya/antipasti/antipasti-alicos/brusketta-miks-s-bazilikom/"
280,"","Джем из Сицилийского Апельсина, 110 гр","antipasti","antipasti-alicos","1 600 Т","","/bakaleya/sladosti/dzhem-iz-siciliyskogo-apelsina/"
281,"","Вяленые Помидоры в Оливковом Масле Alicos","antipasti","antipasti-alicos","3 000 Т","","/bakaleya/antipasti/antipasti-alicos/vyalenye-pomidory-v-olivkovom-masle/"
282,""," Брускетта Микс с Вялеными Помидорами","antipasti","antipasti-alicos","2 500 Т","","/bakaleya/antipasti/antipasti-alicos/brusketta-miks-s-vyalenymi-pomidorami/"
283,""," Фисташковый Песто","antipasti","antipasti-alicos","5 000 Т","","/bakaleya/antipasti/antipasti-alicos/fistashkoviy-pesto-s-bazilikom/"
284,"","Паста из Чили перца Alicos","antipasti","antipasti-alicos","3 000 Т","","/bakaleya/antipasti/antipasti-alicos/pasta-iz-chili-perca/"
285,"","Джем из Красного силийского апельсина","antipasti","antipasti-alicos","3 000 Т","","/bakaleya/siropchik/dzhem-iz-krasnogo-siliyskogo-apelsina/"
286,"","Паштет из цукини","antipasti","antipasti-alicos","3 000 Т","","/bakaleya/antipasti/antipasti-alicos/pashtet-iz-cukini/"
287,"","Пепероната с Оливковым Маслом","antipasti","antipasti-alicos","3 000 Т","","/bakaleya/antipasti/antipasti-alicos/peperonata-s-olivkovym-maslom/"
288,"","Песто Сицилиано","antipasti","antipasti-alicos","3 000 Т","","/bakaleya/antipasti/antipasti-alicos/pesto-siciliano/"
289,"","КАПОНАТА СИЦИЛЙСКАЯ","antipasti","antipasti-alicos","2 500 Т","","/bakaleya/antipasti/antipasti-alicos/kaponata-sicilyskaya/"
290,"","Песто Трапеназе","antipasti","antipasti-alicos","3 000 Т","","/bakaleya/antipasti/antipasti-alicos/pesto-trapaneze/"
291,"","Джем из Сицилийского лимона, 220 гр","antipasti","antipasti-alicos","3 000 Т","","/bakaleya/sladosti/dzhem-iz-siciliyskogo-limona-220-gr/"
292,"","Морская Соль и Прованские травы ","bakaleya","specii","3 500 Т","","/bakaleya/specii/morskaya-sol-i-provanskie-travy/"
293,"","Соль Розовая и 3 вида Перца горошком Carmencita","bakaleya","specii","3 500 Т","","/bakaleya/specii/sol-rozovaya-i-3-vida-perca-goroshkom-carmencita/"
294,"","Перец горошком ""Mix 4 перца""","bakaleya","specii","5 100 Т","","/bakaleya/specii/perec-goroshkom-mix-4-perca/"
295,"","Приправа для Паэльи Carmencita Marinera","bakaleya","specii","1 400 Т","","/bakaleya/specii/priprava-dlya-paeli-carmencita-marinera/"
296,"","Приправа Средиземнорский Микс, Carmencita","bakaleya","specii","3 500 Т","","/bakaleya/specii/priprava-sredizemnorskiy-miks-carmencita/"
297,"","Приправа для Паэльи с шафраном Carmencita","bakaleya","specii","1 400 Т","","/bakaleya/specii/priprava-dlya-paeli-s-shafranom-carmencita/"
298,"","Приправа для Паэльи Valenciana","bakaleya","specii","1 400 Т","","/bakaleya/specii/priprava-dlya-paeli-valenciana/"
299,"","Перец горошком ""Mix 4 перца"" 40 гр. Carmencita","bakaleya","specii","2 000 Т","","/bakaleya/specii/perec-goroshkom-mix-4-perca-40-gr-carmencita/"
300,"","Приправа для Паэльи Шафран Микс","bakaleya","specii","1 400 Т","","/bakaleya/specii/priprava-dlya-paeli-shafran-miks/"
301,"","Приправа  Паэлья Carmencita","bakaleya","specii","1 400 Т","","/bakaleya/specii/priprava-paelya-carmencita/"
302,"","Шафрановые нити экстра 0,36 гр Сarmencita","bakaleya","specii","3 500 Т","","/bakaleya/specii/priprava-shafranovye-niti-carmencita/"
303,"","Бальзамический Крем с Малиной, Giuseppe Giusti, 150 мл.","bakaleya","balzamik","3 300 Т","","/bakaleya/balzamik/giuseppe-giusti/balzamicheskiy-krem-s-malinoy-giuseppe-giusti-150-ml/"
304,"","Бальзамический Крем с Инжиром 150 мл.","bakaleya","balzamik","3 300 Т","","/bakaleya/balzamik/giuseppe-giusti/balzamicheskiy-krem-s-inzhirom-150-ml/"
305,"","Бальзамический Крем с грибами 150 мл.","bakaleya","balzamik","3 300 Т","","/bakaleya/balzamik/giuseppe-giusti/balzamicheskiy-krem-s-gribami-150-ml/"
306,"","Бальзамический Крем Бианка, Giuseppe Giusti, 150 мл.","bakaleya","balzamik","3 300 Т","","/balzamicheskiy-krem-bianka-giuseppe-giusti-150-ml/"
307,"","Бальзамический Уксус Giuseppe Giusti 250 мл.","bakaleya","balzamik","7 000 Т","","/bakaleya/balzamik/giuseppe-giusti/balzamicheskiy-uksus-giuseppe-giusti-250-ml/"
308,"","Бальзамический Уксус Giuseppe Giusti  2 медали, 250 мл.","bakaleya","balzamik","9 000 Т","","/bakaleya/balzamik/giuseppe-giusti/balzamicheskiy-uksus-giuseppe-giusti-2-medali-250-ml/"
309,"","Бальзамический уксус Giuseppe Giusti Modena 100 мл.","bakaleya","balzamik","4 600 Т","","/bakaleya/balzamik/giuseppe-giusti/balzamicheskiy-uksus-giuseppe-giusti-modena-100-ml/"
310,"","Бальзамический Уксус Giuseppe Giusti  2 медали, 100 мл.","bakaleya","balzamik","6 500 Т","","/bakaleya/balzamik/giuseppe-giusti/balzamicheskiy-uksus-giuseppe-giusti-2-medali-100-ml/"
311,"","Бальзамический Крем с Ванилью, Giuseppe Giusti, 150 мл.","bakaleya","balzamik","3 300 Т","","/bakaleya/balzamik/giuseppe-giusti/balzamicheskiy-krem-s-vanilyu-giuseppe-giusti-150-ml/"
312,"","Бальзамический Уксус Giuseppe Giusti IGP  3 медали, 250 мл.","bakaleya","balzamik","13 200 Т","","/bakaleya/balzamik/giuseppe-giusti/balzamicheskiy-uksus-giuseppe-giusti-igp-3-medali-250-ml/"
313,"","Бальзамический Уксус Giuseppe Giusti ""Quatro Centenfrio"" IGP, 100 мл.","bakaleya","balzamik","13 700 Т","","/bakaleya/balzamik/giuseppe-giusti/balzamicheskiy-uksus-giuseppe-giusti-quatro-centenfrio-igp-100-ml/"
314,"","Бальзамический Уксус Giuseppe Giusti IGP  3 медали, 100 мл.","bakaleya","balzamik","9 100 Т","","/bakaleya/balzamik/giuseppe-giusti/balzamicheskiy-uksus-giuseppe-giusti-igp-3-medali-100-ml/"
315,"","Бальзамический Уксус Giuseppe Giusti 250 мл.","bakaleya","balzamik","9 100 Т","","/bakaleya/balzamik/giuseppe-giusti/balzamicheskiyy-uksus-giuseppe-giusti-250-ml/"
316,"","Бальзамический Уксус Giuseppe Giusti ""Quatro Centenfrio"" IGP, 250 мл.","bakaleya","balzamik","20 100 Т","","/bakaleya/balzamik/giuseppe-giusti/balzamicheskiy-uksus-giuseppe-giusti-quatro-centenfrio-igp-250-ml/"
317,"","Бальзамический Уксус Giuseppe Giusti IGP  3 медали, 250 мл.","bakaleya","balzamik","14 300 Т","","/bakaleya/balzamik/giuseppe-giusti/balzamicheskiyy-uksus-giuseppe-giusti-igp-3-medali-250-ml/"
318,"","Бальзамический Крем с Малиной, Giuseppe Giusti, 150 мл.","balzamik","giuseppe-giusti","3 300 Т","","/bakaleya/balzamik/giuseppe-giusti/balzamicheskiy-krem-s-malinoy-giuseppe-giusti-150-ml/"
319,"","Бальзамический Крем с Инжиром 150 мл.","balzamik","giuseppe-giusti","3 300 Т","","/bakaleya/balzamik/giuseppe-giusti/balzamicheskiy-krem-s-inzhirom-150-ml/"
320,"","Бальзамический Крем с грибами 150 мл.","balzamik","giuseppe-giusti","3 300 Т","","/bakaleya/balzamik/giuseppe-giusti/balzamicheskiy-krem-s-gribami-150-ml/"
321,"","Бальзамический Крем Бианка, Giuseppe Giusti, 150 мл.","balzamik","giuseppe-giusti","3 300 Т","","/balzamicheskiy-krem-bianka-giuseppe-giusti-150-ml/"
322,"","Бальзамический Уксус Giuseppe Giusti 250 мл.","balzamik","giuseppe-giusti","7 000 Т","","/bakaleya/balzamik/giuseppe-giusti/balzamicheskiy-uksus-giuseppe-giusti-250-ml/"
323,"","Бальзамический Уксус Giuseppe Giusti  2 медали, 250 мл.","balzamik","giuseppe-giusti","9 000 Т","","/bakaleya/balzamik/giuseppe-giusti/balzamicheskiy-uksus-giuseppe-giusti-2-medali-250-ml/"
324,"","Бальзамический уксус Giuseppe Giusti Modena 100 мл.","balzamik","giuseppe-giusti","4 600 Т","","/bakaleya/balzamik/giuseppe-giusti/balzamicheskiy-uksus-giuseppe-giusti-modena-100-ml/"
325,"","Бальзамический Уксус Giuseppe Giusti  2 медали, 100 мл.","balzamik","giuseppe-giusti","6 500 Т","","/bakaleya/balzamik/giuseppe-giusti/balzamicheskiy-uksus-giuseppe-giusti-2-medali-100-ml/"
326,"","Бальзамический Крем с Ванилью, Giuseppe Giusti, 150 мл.","balzamik","giuseppe-giusti","3 300 Т","","/bakaleya/balzamik/giuseppe-giusti/balzamicheskiy-krem-s-vanilyu-giuseppe-giusti-150-ml/"
327,"","Бальзамический Уксус Giuseppe Giusti IGP  3 медали, 250 мл.","balzamik","giuseppe-giusti","13 200 Т","","/bakaleya/balzamik/giuseppe-giusti/balzamicheskiy-uksus-giuseppe-giusti-igp-3-medali-250-ml/"
328,"","Бальзамический Уксус Giuseppe Giusti ""Quatro Centenfrio"" IGP, 100 мл.","balzamik","giuseppe-giusti","13 700 Т","","/bakaleya/balzamik/giuseppe-giusti/balzamicheskiy-uksus-giuseppe-giusti-quatro-centenfrio-igp-100-ml/"
329,"","Бальзамический Уксус Giuseppe Giusti IGP  3 медали, 100 мл.","balzamik","giuseppe-giusti","9 100 Т","","/bakaleya/balzamik/giuseppe-giusti/balzamicheskiy-uksus-giuseppe-giusti-igp-3-medali-100-ml/"
330,"","Бальзамический Уксус Giuseppe Giusti 250 мл.","balzamik","giuseppe-giusti","9 100 Т","","/bakaleya/balzamik/giuseppe-giusti/balzamicheskiyy-uksus-giuseppe-giusti-250-ml/"
331,"","Бальзамический Уксус Giuseppe Giusti ""Quatro Centenfrio"" IGP, 250 мл.","balzamik","giuseppe-giusti","20 100 Т","","/bakaleya/balzamik/giuseppe-giusti/balzamicheskiy-uksus-giuseppe-giusti-quatro-centenfrio-igp-250-ml/"
332,"","Бальзамический Уксус Giuseppe Giusti IGP  3 медали, 250 мл.","balzamik","giuseppe-giusti","14 300 Т","","/bakaleya/balzamik/giuseppe-giusti/balzamicheskiyy-uksus-giuseppe-giusti-igp-3-medali-250-ml/"
333,"","Миндальная Паста","bakaleya","sladosti","4 500 Т","","/bakaleya/antipasti/antipasti-alicos/mindalnaya-pasta/"
334,"","Джем из Сицилийского Апельсина, 110 гр","bakaleya","sladosti","1 600 Т","","/bakaleya/sladosti/dzhem-iz-siciliyskogo-apelsina/"
335,"","Джем из Сицилийского Лимона, 110 гр","bakaleya","sladosti","1 600 Т","","/bakaleya/sladosti/dzhem-iz-siciliyskogo-limona-110-gr/"
336,"","Джем из Сицилийского Мандарина, 110 гр","bakaleya","sladosti","1 600 Т","","/bakaleya/sladosti/dzhem-iz-siciliyskogo-mandarina/"
337,"","Джем из Красного силийского апельсина","bakaleya","sladosti","3 000 Т","","/bakaleya/siropchik/dzhem-iz-krasnogo-siliyskogo-apelsina/"
338,"","Джем из Сицилийского лимона, 220 гр","bakaleya","sladosti","3 000 Т","","/bakaleya/sladosti/dzhem-iz-siciliyskogo-limona-220-gr/"
339,"","Напиток Соевое Молоко БИО Органик","bakaleya","napitki","1 400 Т","","/bakaleya/napitki/alternativnoe-moloko/napitok-soevoe-moloko-bio-organik/"
340,"","Напиток Кокосовое Молоко БИО","bakaleya","napitki","1 990 Т","","/bakaleya/napitki/alternativnoe-moloko/napitok-kokosovoe-moloko-bio/"
341,"","Напиток Соевое Молоко Ваниль БИО","bakaleya","napitki","1 400 Т","","/bakaleya/napitki/alternativnoe-moloko/napitok-soevoe-moloko-vanil-bio/"
342,"","Напиток Миндальное Молоко 8%","bakaleya","napitki","2 800 Т","","/bakaleya/napitki/alternativnoe-moloko/napitok-mindalnoe-moloko-8/"
343,"","Напиток Молоко из Бразильского Ореха BIO","bakaleya","napitki","1 990 Т","","/bakaleya/napitki/alternativnoe-moloko/napitok-moloko-iz-brazilskogo-oreha-bio/"
344,"","Напиток Соевое Молоко БИО Органик","napitki","alternativnoe-moloko","1 400 Т","","/bakaleya/napitki/alternativnoe-moloko/napitok-soevoe-moloko-bio-organik/"
345,"","Напиток Кокосовое Молоко БИО","napitki","alternativnoe-moloko","1 990 Т","","/bakaleya/napitki/alternativnoe-moloko/napitok-kokosovoe-moloko-bio/"
346,"","Напиток Соевое Молоко Ваниль БИО","napitki","alternativnoe-moloko","1 400 Т","","/bakaleya/napitki/alternativnoe-moloko/napitok-soevoe-moloko-vanil-bio/"
347,"","Напиток Миндальное Молоко 8%","napitki","alternativnoe-moloko","2 800 Т","","/bakaleya/napitki/alternativnoe-moloko/napitok-mindalnoe-moloko-8/"
348,"","Напиток Молоко из Бразильского Ореха BIO","napitki","alternativnoe-moloko","1 990 Т","","/bakaleya/napitki/alternativnoe-moloko/napitok-moloko-iz-brazilskogo-oreha-bio/"
349,"","Чука салат замороженный","bakaleya","aziatskaya-kuhnya","2 800 Т","","/bakaleya/aziatskaya-kuhnya/vodorosli/chuka-salat-zamorozhenniy/"
350,"","Лапша рисовая Real THAI","bakaleya","aziatskaya-kuhnya","1 000 Т","","/bakaleya/aziatskaya-kuhnya/funcheza-lapsha/lapsha-risovaya-ploskaya/"
351,"","Ореховая Заправка Sen Soy","bakaleya","aziatskaya-kuhnya","475 Т","","/bakaleya/aziatskaya-kuhnya/sousy-i-pasty/orehovaya-zapravka-sen-soy/"
352,"","Кокосовое Молоко металл Aroy-D","bakaleya","aziatskaya-kuhnya","950 Т","","/bakaleya/aziatskaya-kuhnya/kokosovoe-moloko-maslo-slivki/kokosovoe-moloko-metall-aroy-d/"
353,"","Кокосовое Масло Aroy-D Extra","bakaleya","aziatskaya-kuhnya","3 500 Т","","/maslo/kokosovoe-maslo/kokosovoe-maslo-aroy-d-extra/"
354,"","Кунжутное Масло REAL TANG","bakaleya","aziatskaya-kuhnya","1 500 Т","","/maslo/kunzhutnoe-maslo/kunzhutnoe-maslo-real-tang/"
355,"","Соус рыбный AROY-D","bakaleya","aziatskaya-kuhnya","1 200 Т","","/bakaleya/aziatskaya-kuhnya/sousy-i-pasty/sous-rybniy-aroy-d/"
356,"","Miso - Soup Sen Soy","bakaleya","aziatskaya-kuhnya","550 Т","","/bakaleya/aziatskaya-kuhnya/sousy-i-pasty/miso-soup-sen-soy/"
357,"","Лапша Гречневая SOBA, Sen-Soy","bakaleya","aziatskaya-kuhnya","950 Т","","/bakaleya/aziatskaya-kuhnya/funcheza-lapsha/lapsha-soba-sen-soy/"
358,"","Соус Терияки SEN SOY","bakaleya","aziatskaya-kuhnya","920 Т","","/bakaleya/aziatskaya-kuhnya/sousy-i-pasty/sous-teriyaki-sen-soy/"
359,"","Кокосовое Молоко AROY-D 1L","bakaleya","aziatskaya-kuhnya","2 000 Т","","/bakaleya/aziatskaya-kuhnya/kokosovoe-moloko-maslo-slivki/kokosovoe-moloko-aroy-d/"
360,"","Соус Хрен-васаби Sen Soy","bakaleya","aziatskaya-kuhnya","800 Т","","/bakaleya/aziatskaya-kuhnya/sousy-i-pasty/sous-hren-vasabi-sen-soy/"
361,"","Цитрусовая заправка SEN SOY","bakaleya","aziatskaya-kuhnya","475 Т","","/bakaleya/aziatskaya-kuhnya/sousy-i-pasty/citrusovaya-zapravka-sen-soy/"
362,"","Соус TABASCO Original red","bakaleya","aziatskaya-kuhnya","1 800 Т","","/bakaleya/aziatskaya-kuhnya/sousy-i-pasty/sous-tabasco-original-red/"
363,"","Том Ям Паста AROY-D","bakaleya","aziatskaya-kuhnya","1 600 Т","","/bakaleya/aziatskaya-kuhnya/sousy-i-pasty/tom-yam-pasta-real-thai/"
364,"","Имбирная Заправка SEN SOY","bakaleya","aziatskaya-kuhnya","475 Т","","/bakaleya/aziatskaya-kuhnya/sousy-i-pasty/imbirnaya-zapravka-sen-soy/"
365,"","Лапша яичная EGG, Sen-Soy","bakaleya","aziatskaya-kuhnya","925 Т","","/bakaleya/aziatskaya-kuhnya/funcheza-lapsha/lapsha-yaichnaya-egg-sen-soy/"
366,"","Вермишель фунчоза Sen-Soy","bakaleya","aziatskaya-kuhnya","1 100 Т","","/bakaleya/aziatskaya-kuhnya/funcheza-lapsha/vermishel-funchoza-sen-soy/"
367,"","Соус ""Терияки""PEARL RIVER","bakaleya","aziatskaya-kuhnya","1 300 Т","","/bakaleya/aziatskaya-kuhnya/sousy-i-pasty/sous-teriyakipearl-river/"
368,"","Паста Том Ям с растительным маслом REAL THAI","bakaleya","aziatskaya-kuhnya","1 600 Т","","/bakaleya/aziatskaya-kuhnya/sousy-i-pasty/pasta-tom-yam-s-rastitelnym-maslom-real-thai/"
369,"","Уксус Рисовый ","bakaleya","aziatskaya-kuhnya","950 Т","","/bakaleya/aziatskaya-kuhnya/sousy-i-pasty/uksus-risoviy-sen-soy/"
370,"","Рисовая Вермишель Real Thai","bakaleya","aziatskaya-kuhnya","1 000 Т","","/bakaleya/aziatskaya-kuhnya/funcheza-lapsha/risovaya-vermishel-real-thai/"
371,"","Соус Устричный Pearl River Bridge","bakaleya","aziatskaya-kuhnya","950 Т","","/bakaleya/aziatskaya-kuhnya/sousy-i-pasty/sous-ustrichniy/"
372,"","Вермишель рисовая HU-TEU, Sen-Soy","bakaleya","aziatskaya-kuhnya","985 Т","","/bakaleya/aziatskaya-kuhnya/funcheza-lapsha/vermishel-risovaya-hu-teu-sen-soy/"
373,"","Острый Соус Шрирача AROY-D","bakaleya","aziatskaya-kuhnya","950 Т","","/bakaleya/aziatskaya-kuhnya/sousy-i-pasty/ostriy-sous-shriracha-aroy-d/"
374,"","Карри Паста Зеленая AROY-D","bakaleya","aziatskaya-kuhnya","1 400 Т","","/bakaleya/aziatskaya-kuhnya/sousy-i-pasty/karri-pasta-zelenaya-aroy-d/"
375,"","Рисовая Бумага REAL THAI","bakaleya","aziatskaya-kuhnya","950 Т","","/bakaleya/aziatskaya-kuhnya/funcheza-lapsha/risovaya-bumaga-real-thai/"
376,"","Карри Паста Красная AROY-D","bakaleya","aziatskaya-kuhnya","1 400 Т","","/bakaleya/aziatskaya-kuhnya/sousy-i-pasty/karri-pasta-krasnaya-aroy-d/"
377,"","Кокосовое Молоко Aroy-D, 250 мл.","bakaleya","aziatskaya-kuhnya","750 Т","","/bakaleya/aziatskaya-kuhnya/kokosovoe-moloko-maslo-slivki/kokosovoe-moloko-aroy-d-250-ml/"
378,"","Том Ям паста Aroy-D 50 гр.","bakaleya","aziatskaya-kuhnya","400 Т","","/bakaleya/aziatskaya-kuhnya/sousy-i-pasty/tom-yam-pasta-aroy-d-50-gr/"
379,"","Грибы для супа Том Ям Цао Гу 400гр","bakaleya","aziatskaya-kuhnya","950 Т","","/bakaleya/aziatskaya-kuhnya/griby/griby-dlya-supa-tom-yam-cao-gu-400gr/"
380,"","Имбирь Маринованный 200 гр","bakaleya","aziatskaya-kuhnya","1 000 Т","","/bakaleya/aziatskaya-kuhnya/vodorosli/imbir-marinovanniy-200-gr/"
381,"","Чука салат 200 гр","bakaleya","aziatskaya-kuhnya","1 000 Т","","/bakaleya/aziatskaya-kuhnya/vodorosli/chuka-salat-200-gr/"
382,"","Лапша рисовая Real THAI","aziatskaya-kuhnya","funcheza-lapsha","1 000 Т","","/bakaleya/aziatskaya-kuhnya/funcheza-lapsha/lapsha-risovaya-ploskaya/"
383,"","Лапша Гречневая SOBA, Sen-Soy","aziatskaya-kuhnya","funcheza-lapsha","950 Т","","/bakaleya/aziatskaya-kuhnya/funcheza-lapsha/lapsha-soba-sen-soy/"
384,"","Лапша яичная EGG, Sen-Soy","aziatskaya-kuhnya","funcheza-lapsha","925 Т","","/bakaleya/aziatskaya-kuhnya/funcheza-lapsha/lapsha-yaichnaya-egg-sen-soy/"
385,"","Вермишель фунчоза Sen-Soy","aziatskaya-kuhnya","funcheza-lapsha","1 100 Т","","/bakaleya/aziatskaya-kuhnya/funcheza-lapsha/vermishel-funchoza-sen-soy/"
386,"","Рисовая Вермишель Real Thai","aziatskaya-kuhnya","funcheza-lapsha","1 000 Т","","/bakaleya/aziatskaya-kuhnya/funcheza-lapsha/risovaya-vermishel-real-thai/"
387,"","Вермишель рисовая HU-TEU, Sen-Soy","aziatskaya-kuhnya","funcheza-lapsha","985 Т","","/bakaleya/aziatskaya-kuhnya/funcheza-lapsha/vermishel-risovaya-hu-teu-sen-soy/"
388,"","Рисовая Бумага REAL THAI","aziatskaya-kuhnya","funcheza-lapsha","950 Т","","/bakaleya/aziatskaya-kuhnya/funcheza-lapsha/risovaya-bumaga-real-thai/"
389,"","Ореховая Заправка Sen Soy","aziatskaya-kuhnya","sousy-i-pasty","475 Т","","/bakaleya/aziatskaya-kuhnya/sousy-i-pasty/orehovaya-zapravka-sen-soy/"
390,"","Соус рыбный AROY-D","aziatskaya-kuhnya","sousy-i-pasty","1 200 Т","","/bakaleya/aziatskaya-kuhnya/sousy-i-pasty/sous-rybniy-aroy-d/"
391,"","Miso - Soup Sen Soy","aziatskaya-kuhnya","sousy-i-pasty","550 Т","","/bakaleya/aziatskaya-kuhnya/sousy-i-pasty/miso-soup-sen-soy/"
392,"","Соус Терияки SEN SOY","aziatskaya-kuhnya","sousy-i-pasty","920 Т","","/bakaleya/aziatskaya-kuhnya/sousy-i-pasty/sous-teriyaki-sen-soy/"
393,"","Соус Хрен-васаби Sen Soy","aziatskaya-kuhnya","sousy-i-pasty","800 Т","","/bakaleya/aziatskaya-kuhnya/sousy-i-pasty/sous-hren-vasabi-sen-soy/"
394,"","Цитрусовая заправка SEN SOY","aziatskaya-kuhnya","sousy-i-pasty","475 Т","","/bakaleya/aziatskaya-kuhnya/sousy-i-pasty/citrusovaya-zapravka-sen-soy/"
395,"","Соус TABASCO Original red","aziatskaya-kuhnya","sousy-i-pasty","1 800 Т","","/bakaleya/aziatskaya-kuhnya/sousy-i-pasty/sous-tabasco-original-red/"
396,"","Том Ям Паста AROY-D","aziatskaya-kuhnya","sousy-i-pasty","1 600 Т","","/bakaleya/aziatskaya-kuhnya/sousy-i-pasty/tom-yam-pasta-real-thai/"
397,"","Имбирная Заправка SEN SOY","aziatskaya-kuhnya","sousy-i-pasty","475 Т","","/bakaleya/aziatskaya-kuhnya/sousy-i-pasty/imbirnaya-zapravka-sen-soy/"
398,"","Соус ""Терияки""PEARL RIVER","aziatskaya-kuhnya","sousy-i-pasty","1 300 Т","","/bakaleya/aziatskaya-kuhnya/sousy-i-pasty/sous-teriyakipearl-river/"
399,"","Паста Том Ям с растительным маслом REAL THAI","aziatskaya-kuhnya","sousy-i-pasty","1 600 Т","","/bakaleya/aziatskaya-kuhnya/sousy-i-pasty/pasta-tom-yam-s-rastitelnym-maslom-real-thai/"
400,"","Уксус Рисовый ","aziatskaya-kuhnya","sousy-i-pasty","950 Т","","/bakaleya/aziatskaya-kuhnya/sousy-i-pasty/uksus-risoviy-sen-soy/"
401,"","Соус Устричный Pearl River Bridge","aziatskaya-kuhnya","sousy-i-pasty","950 Т","","/bakaleya/aziatskaya-kuhnya/sousy-i-pasty/sous-ustrichniy/"
402,"","Острый Соус Шрирача AROY-D","aziatskaya-kuhnya","sousy-i-pasty","950 Т","","/bakaleya/aziatskaya-kuhnya/sousy-i-pasty/ostriy-sous-shriracha-aroy-d/"
403,"","Карри Паста Зеленая AROY-D","aziatskaya-kuhnya","sousy-i-pasty","1 400 Т","","/bakaleya/aziatskaya-kuhnya/sousy-i-pasty/karri-pasta-zelenaya-aroy-d/"
404,"","Карри Паста Красная AROY-D","aziatskaya-kuhnya","sousy-i-pasty","1 400 Т","","/bakaleya/aziatskaya-kuhnya/sousy-i-pasty/karri-pasta-krasnaya-aroy-d/"
405,"","Том Ям паста Aroy-D 50 гр.","aziatskaya-kuhnya","sousy-i-pasty","400 Т","","/bakaleya/aziatskaya-kuhnya/sousy-i-pasty/tom-yam-pasta-aroy-d-50-gr/"
406,"","Кокосовое Молоко металл Aroy-D","aziatskaya-kuhnya","kokosovoe-moloko-maslo-slivki","950 Т","","/bakaleya/aziatskaya-kuhnya/kokosovoe-moloko-maslo-slivki/kokosovoe-moloko-metall-aroy-d/"
407,"","Кокосовое Масло Aroy-D Extra","aziatskaya-kuhnya","kokosovoe-moloko-maslo-slivki","3 500 Т","","/maslo/kokosovoe-maslo/kokosovoe-maslo-aroy-d-extra/"
408,"","Кунжутное Масло REAL TANG","aziatskaya-kuhnya","kokosovoe-moloko-maslo-slivki","1 500 Т","","/maslo/kunzhutnoe-maslo/kunzhutnoe-maslo-real-tang/"
409,"","Кокосовое Молоко AROY-D 1L","aziatskaya-kuhnya","kokosovoe-moloko-maslo-slivki","2 000 Т","","/bakaleya/aziatskaya-kuhnya/kokosovoe-moloko-maslo-slivki/kokosovoe-moloko-aroy-d/"
410,"","Кокосовое Молоко Aroy-D, 250 мл.","aziatskaya-kuhnya","kokosovoe-moloko-maslo-slivki","750 Т","","/bakaleya/aziatskaya-kuhnya/kokosovoe-moloko-maslo-slivki/kokosovoe-moloko-aroy-d-250-ml/"
411,"","Чука салат замороженный","aziatskaya-kuhnya","vodorosli","2 800 Т","","/bakaleya/aziatskaya-kuhnya/vodorosli/chuka-salat-zamorozhenniy/"
412,"","Имбирь Маринованный 200 гр","aziatskaya-kuhnya","vodorosli","1 000 Т","","/bakaleya/aziatskaya-kuhnya/vodorosli/imbir-marinovanniy-200-gr/"
413,"","Чука салат 200 гр","aziatskaya-kuhnya","vodorosli","1 000 Т","","/bakaleya/aziatskaya-kuhnya/vodorosli/chuka-salat-200-gr/"
414,"","Грибы для супа Том Ям Цао Гу 400гр","aziatskaya-kuhnya","griby","950 Т","","/bakaleya/aziatskaya-kuhnya/griby/griby-dlya-supa-tom-yam-cao-gu-400gr/"
415,"","Рис Арборио ""Ризо Галло"" 500 гр","bakaleya","ris","1 450 Т","","/bakaleya/ris/ris-arborio-rizo-gallo/"
416,"","Рис длиннозерный Арборио ""Ризо Галло"" 500 гр","bakaleya","ris","1 450 Т","","/bakaleya/ris/ris-dlinnozerniy-arborio-rizo-gallo/"
417,"","Рис зерновой Венера ""Ризо Галло"" 500 гр","bakaleya","ris","3 100 Т","","/bakaleya/ris/ris-zernovoy-venera-rizo-gallo/"
418,"","Оливковое Масло Barbera Non Filtrato уп. 1л","maslo","olive-oil-barbera","6 190 Т","","/maslo/olive-oil-barbera/olivkovoe-maslo-barbera-non-filtrato-up-1l/"
419,"","Оливковое Масло Barbera Oro Del Cuoco","maslo","olive-oil-barbera","4 290 Т","","/maslo/olive-oil-barbera/olivkovoe-maslo-barbera-oro-del-cuoco/"
420,"","Масло Оливковое Barbera Filtrato 1литр","maslo","olive-oil-barbera","5 990 Т","","/maslo/olive-oil-barbera/maslo-olivkovoe-barbera-filtrato-1litr/"
421,"","Масло Оливковое BARBERA Selezione Unica 750 мл.","maslo","olive-oil-barbera","4 490 Т","","/maslo/olive-oil-barbera/maslo-olivkovoe-barbera-selezione-unica-750-ml/"
422,"","Оливковое Масло Barbera Selezione Unica 1 литр","maslo","olive-oil-barbera","4 990 Т","","/maslo/olive-oil-barbera/olivkovoe-maslo-barbera-selezione-unica-1-litr/"
423,"","Оливковое Масло Lorenzo #5, бутылка 500 мл","maslo","olive-oil-barbera","7 990 Т","","/maslo/olive-oil-barbera/olive-oil-lorenzo-5-butylka-500-ml/"
424,"","Оливковое Масло Lorenzo #1, бутылка 500 мл","maslo","olive-oil-barbera","7 990 Т","","/maslo/olive-oil-barbera/olive-oil-lorenzo-1-butylka-500-ml/"
425,"","Оливковое Масло Lorenzo #3, бутылка 500 мл","maslo","olive-oil-barbera","7 990 Т","","/maslo/olive-oil-barbera/olive-oil-lorenzo-3-butylka-500-ml/"
426,"","Масло Оливковое Barbera с цитрусами Сицилии, 250 мл","maslo","olive-oil-barbera","3 490 Т","","/maslo/olive-oil-barbera/maslo-olivkovoe-barbera-s-citrusami-sicilii-250-ml/"
427,"","Оливковое Масло Barbera c ароматом белого трюфеля 250 мл","maslo","olive-oil-barbera","3 490 Т","","/maslo/olive-oil-barbera/olivkovoe-maslo-barbera-c-aromatom-belogo-tryufelya-250-ml/"
428,"","Оливковое Масло Delicato Tipo Albero","maslo","olive-oil-barbera","4 990 Т","","/maslo/olive-oil-barbera/olivkovoe-maslo-delicato-tipo-albero/"
429,"","Масло Оливковое с Ароматическими травами 250 мл","maslo","olive-oil-barbera","3 490 Т","","/maslo/olive-oil-barbera/maslo-olivkovoe-s-aromaticheskimi-travami-250-ml/"
430,"","Масло оливковое Frantoia со вкусом базилика 250 мл","maslo","olive-oil-barbera","3 500 Т","","/maslo/olive-oil-barbera/maslo-olivkovoe-frantoia-so-vkusom-bazilika-250-ml/"
431,"","Подарочная Коробка из трех видов масла по 250 мл каждого вида","maslo","olive-oil-barbera","9 990 Т","","/maslo/olive-oil-barbera/podarochnaya-korobka-iz-treh-vidov-masla-po-250-ml-kazhdogo-vida/"
432,"","Масло Оливковое Barbera c ароматом Черного трюфеля 250 мл.","maslo","olive-oil-barbera","3 490 Т","","/maslo/olive-oil-barbera/maslo-olivkovoe-barbera-c-aromatom-chernogo-tryufelya-250-ml/"
433,"","Масло оливковое Frantoia со вкусом мандарина","maslo","olive-oil-barbera","3 500 Т","","/maslo/olive-oil-barbera/maslo-olivkovoe-frantoia-so-vkusom-mandarina-250-ml/"
434,"","Масло оливковое Frantoia со вкусом апельсина 250 мл","maslo","olive-oil-barbera","3 500 Т","","/maslo/olive-oil-barbera/maslo-olivkovoe-frantoia-so-vkusom-apelsina-250-ml/"
435,"","Оливковое Масло Alive Barbera","maslo","olive-oil-barbera","4 990 Т","","/maslo/olive-oil-barbera/olivkovoe-maslo-alive-barbera/"
436,"","Масло Оливковое Barbera Aglio Peperoncino с Перцем","maslo","olive-oil-barbera","3 490 Т","","/maslo/olive-oil-barbera/maslo-olivkovoe-barbera-aglio-peperoncino-s-percem/"
437,"","Оливковое Масло Olia Barbera","maslo","olive-oil-barbera","4 990 Т","","/maslo/olive-oil-barbera/olivkovoe-maslo-olia-barbera/"
438,"","Масло оливковое Frantoia со вкусом Шалфея 250 мл","maslo","olive-oil-barbera","2 790 Т","","/maslo/olive-oil-barbera/maslo-olivkovoe-frantoia-so-vkusom-shalfeya-250-ml/"
439,"","Масло оливковое Frantoia со вкусом лимона 250 мл","maslo","olive-oil-barbera","2 790 Т","","/maslo/olive-oil-barbera/maslo-olivkovoe-frantoia-so-vkusom-limona-250-ml/"
440,"","Оливковое Масло Monokultivar Coratina Barbera","maslo","olive-oil-barbera","4 490 Т","","/maslo/olive-oil-barbera/olivkovoe-maslo-monokultivar/"
441,"","Подарочная упаковка оливковое масло Lorenzo №5","maslo","olive-oil-barbera","9 000 Т","","/maslo/olive-oil-barbera/podarochnaya-upakovka-olivkovoe-maslo-lorenzo-5/"
442,"","Подарочный набор Cofanetto Lorenzi","maslo","olive-oil-barbera","24 000 Т","","/maslo/olive-oil-barbera/podarochniy-nabor-cofanetto-lorenzi/"
443,"","Подарочная Упаковка масло Lorenzo №3","maslo","olive-oil-barbera","9 000 Т","","/maslo/olive-oil-barbera/podarochnaya-upakovka-lorenzo-3/"
444,"","Подарочная Коробка Barbera Lorenzo #1","maslo","olive-oil-barbera","9 000 Т","","/maslo/olive-oil-barbera/podarochnaya-korobka-barbera-lorenzo-1/"
445,"","Масло Оливковое Finca la Torre Hojiblanca Orange ","maslo","olive-oil-finca-la-torre","1 990 Т","","/maslo/olive-oil-finca-la-torre/maslo-olivkovoe-finca-la-torre-hojiblanca-orange/"
446,"","Кокосовое Масло Aroy-D Extra","maslo","kokosovoe-maslo","3 500 Т","","/maslo/kokosovoe-maslo/kokosovoe-maslo-aroy-d-extra/"
447,"","Кунжутное Масло REAL TANG","maslo","kunzhutnoe-maslo","1 500 Т","","/maslo/kunzhutnoe-maslo/kunzhutnoe-maslo-real-tang/"
448,"","Масло Авокадо Avocado Oil","maslo","avokado-maslo","4 000 Т","","/maslo/avokado-maslo/maslo-avokado-avocado-oil/"
449,"","Масло Сливочное BURRO ASOLO","maslo","maslo-slivochnoe","1 790 Т","","/maslo/maslo-slivochnoe/maslo-slivochnoe-burro-asolo/"
450,"","Сковорода для Паэльи  38 см","kuhnya","skovorody-vaella","9 000 Т","","/kuhnya/skovorody-vaella/skovoroda-dlya-paeli-utolschennaya-38-sm/"
451,"","Чугунная Сковорода Гриль VAELLO","kuhnya","skovorody-vaella","12 500 Т","","/kuhnya/skovorody-vaella/chugunnaya-skovoroda-gril-vaello/"
452,"","Чугунная Сковорода Круглая VAELLO","kuhnya","skovorody-vaella","13 000 Т","","/kuhnya/skovorody-vaella/chugunnaya-skovoroda-kruglaya-vaello/"
